1,Cafef.vn,Full Homepage Plus,"Toàn bộ không gian quảng cáo tại Trang chủ. (Trừ CPD TVC)
Entire ad space at Homepage.

Kích thước vị trí Top Billboard cao 350px.
Top Billboard: 350px high.",PC,DEMO,"Độc quyền ngày
Exclusive date","340,000,000",-,"0,06 - 0,08%",,
1,Cafef.vn,Full Homepage Plus,"Toàn bộ không gian quảng cáo tại Trang chủ. (Trừ CPD TVC)
Entire ad space at Homepage.

Kích thước vị trí Top Billboard cao 350px.
Top Billboard: 350px high.",PC,DEMO,"Chia sẻ 5/ngày
Share 5/day","80,000,000",-,"0,06 - 0,08%",,
1,Cafef.vn,Full Homepage Premium,"Toàn bộ không gian quảng cáo tại Trang chủ. (Trừ CPD TVC)
Entire ad space at Homepage.

Kích thước vị trí Top Billboard cao 350px, Background Sticky
Top Billboard: 350px high & Background Sticky",PC,DEMO,"Độc quyền ngày
Exclusive date","370,000,000",-,"0,06 - 0,08%",,
1,Cafef.vn,Full Homepage Premium,"Toàn bộ không gian quảng cáo tại Trang chủ. (Trừ CPD TVC)
Entire ad space at Homepage.

Kích thước vị trí Top Billboard cao 350px, Background Sticky
Top Billboard: 350px high & Background Sticky",PC,DEMO,"Chia sẻ 5/ngày
Share 5/day","88,000,000",-,"0,06 - 0,08%",,
1,Cafef.vn,Billboard,"1920x450
Banner Responsive theo từng kích thước màn hình",PC,DEMO,"Độc quyền ngày
Exclusive date","135,000,000",-,0.08 - 0.1,-,
1,Cafef.vn,Billboard,"1920x450
Banner Responsive theo từng kích thước màn hình",PC,DEMO,"Chia sẻ 5/tuần
Share 5/week","190,000,000",-,0.08 - 0.1,-,
1,Cafef.vn,Billboard Plus,"Billboard: 1920x350
Background:  1920 x 1200",PC,DEMO,"Độc quyền ngày
Exclusive date","180,000,000",-,0.1,-,
1,Cafef.vn,Billboard Plus,"Billboard: 1920x350
Background:  1920 x 1200",PC,DEMO,"Chia sẻ 5/tuần
Share 5/week","255,000,000",-,0.1,-,
1,Cafef.vn,Billboard Premium ,"Billboard: 1920x350
Background:  1920 x 1200
High Banner A: 300x600",PC,DEMO,"Độc quyền ngày
Exclusive date","260,000,000",-,0.1,-,
1,Cafef.vn,Billboard Premium ,"Billboard: 1920x350
Background:  1920 x 1200
High Banner A: 300x600",PC,DEMO,"Chia sẻ 5/tuần
Share 5/week","360,000,000",-,0.1,-,
1,Cafef.vn,CPD KingSize,1040x250,PC,DEMO,"Chia sẻ 5/tuần
Share 5/week","125,000,000",-,0.07 - 0.09,-,
1,Cafef.vn,Big Rectangle,300x385,PC,DEMO,"Chia sẻ 5/tuần
Share 5/week","75,000,000",-,0.04 - 0.06,-,
1,Cafef.vn,Mini Banner,300x250,PC,DEMO,"Chia sẻ 5/tuần
Share 5/week","40,000,000",-,0.02 - 0.03,-,
1,Cafef.vn,Center banner,700x90,PC,DEMO,"Chia sẻ 5/tuần
Share 5/week","55,000,000",-,0.02 - 0.03,-,
1,Cafef.vn,High Banner A,300x600,PC,DEMO,"Chia sẻ 5/tuần
Share 5/week","70,000,000",-,0.02 - 0.03,-,
1,Cafef.vn,High Banner B,300x600,PC,DEMO,"Chia sẻ 5/tuần
Share 5/week","55,000,000",-,0.02 - 0.03,-,
1,Cafef.vn,CPD TVC,"Tỉ lệ video 16:9
Kích thước hiển thị: 710 x 468",PC,DEMO,"Độc quyền ngày
Exclusive date","115,000,000",-,0.02 - 0.03,,
1,Cafef.vn,CPD TVC,"Tỉ lệ video 16:9
Kích thước hiển thị: 710 x 468",PC,DEMO,"Chia sẻ 5/tuần
Share 5/week","165,000,000",-,0.02 - 0.03,,
1,Cafef.vn,Billboard Mobile,640x640,Mobile,DEMO,"Độc quyền ngày
Exclusive date","150,000,000",-,0.15- 0.2,-,
1,Cafef.vn,Billboard Mobile,640x640,Mobile,DEMO,"Chia sẻ 5/tuần
Share 5/week","210,000,000",-,0.15- 0.2,-,
1,Cafef.vn,Top Banner Mobile,640x320,Mobile,DEMO,"Chia sẻ 5/tuần
Share 5/week","90,000,000",-,0.1- 0.15,-,
1,Cafef.vn,eMagazine Mobile 1,640x870,Mobile,DEMO,"Chia sẻ 5/tuần
Share 5/week","75,000,000",-,0.08- 0.1,-,
1,Cafef.vn,eMagazine Mobile 2,640x870,Mobile,DEMO,"Chia sẻ 5/tuần
Share 5/week","50,000,000",-,0.08- 0.1,-,
1,Cafef.vn,Inpage Fullscreen Mobile,375x750,Mobile,DEMO,"Độc quyền ngày
Exclusive date","105,000,000",-,0.4 - 0.5,,
1,Cafef.vn,Inpage Fullscreen Mobile,375x750,Mobile,DEMO,"Chia sẻ 5/tuần
Share 5/week","150,000,000",-,0.4 - 0.5,,
1,Cafef.vn,CPD TVC,"3 kích thước tùy chọn:
- Tỉ lệ video 16:9. Kích thước hiển thị: 640x584
- Tỉ lệ video  1:1. Kích thước hiển thị: 640x850
- Tỉ lệ video 9:16. Kích thước hiển thị: 640x1138",Mobile,"DEMO iTVC 16:9
DEMO iTVC 1:1
DEMO iTVC 9:16","Độc quyền ngày
Exclusive date","60,000,000",-,0.08 - 0.1,,
1,Cafef.vn,CPD TVC,"3 kích thước tùy chọn:
- Tỉ lệ video 16:9. Kích thước hiển thị: 640x584
- Tỉ lệ video  1:1. Kích thước hiển thị: 640x850
- Tỉ lệ video 9:16. Kích thước hiển thị: 640x1138",Mobile,"DEMO iTVC 16:9
DEMO iTVC 1:1
DEMO iTVC 9:16","Chia sẻ 5/tuần
Share 5/week","86,000,000",-,0.08 - 0.1,,
2,Cafebiz.vn,Full Homepage Plus,"Toàn bộ không gian quảng cáo tại Trang chủ.(Trừ CPD TVC)
Entire ad space at Homepage.

Kích thước vị trí Top Billboard cao 350px.
Top Billboard: 350px high.",PC,DEMO iTVC 9:16,"Độc quyền ngày
Exclusive date","120,000,000",-,"0,06 - 0,08%",-,
2,Cafebiz.vn,Full Homepage Plus,,PC,,"Chia sẻ 3/ngày 
Share 3/day","45,000,000",-,"0,06 - 0,08%",-,
2,Cafebiz.vn,Full Homepage Premium,"Toàn bộ không gian quảng cáo tại Trang chủ. (Trừ CPD TVC)
Entire ad space at Homepage.

Kích thước vị trí Top Billboard cao 350px, Background Sticky
Top Billboard: 350px high & Background Sticky",PC,,"Độc quyền ngày
Exclusive date","132,000,000",-,"0,06 - 0,08%",-,
2,Cafebiz.vn,Full Homepage Premium,"Toàn bộ không gian quảng cáo tại Trang chủ. (Trừ CPD TVC)
Entire ad space at Homepage.

Kích thước vị trí Top Billboard cao 350px, Background Sticky
Top Billboard: 350px high & Background Sticky",PC,,"Chia sẻ 3/ngày
Share 3/day","50,000,000",-,"0,06 - 0,08%",-,
2,Cafebiz.vn,Billboard,"1920x450
Banner Responsive theo từng kích thước màn hình",PC,,"Độc quyền ngày
Exclusive date","45,000,000",-,0.08 - 0.1,-,
2,Cafebiz.vn,Billboard,"1920x450
Banner Responsive theo từng kích thước màn hình",PC,,"Chia sẻ 3/tuần
Share 3/week","100,000,000",-,0.08 - 0.1,-,
2,Cafebiz.vn,Billboard Plus,"Billboard: 1920x350
Background:  1920 x 1200",PC,,"Độc quyền ngày
Exclusive date","55,000,000",-,0.08 - 0.1,-,
2,Cafebiz.vn,Billboard Plus,"Billboard: 1920x350
Background:  1920 x 1200",PC,,"Chia sẻ 3/tuần
Share 3/week","130,000,000",-,0.08 - 0.1,-,
2,Cafebiz.vn,Billboard Premium,"Billboard: 1920x350
Background:  1920 x 1200
High Banner A: 300x600",PC,,"Độc quyền ngày
Exclusive date","75,000,000",-,0.08 - 0.1,-,
2,Cafebiz.vn,Billboard Premium,"Billboard: 1920x350
Background:  1920 x 1200
High Banner A: 300x600",PC,,"Chia sẻ 3/tuần
Share 3/week","175,000,000",-,0.08 - 0.1,-,
2,Cafebiz.vn,CPD KingSize,980x250,PC,,"Chia sẻ 3/tuần
Share 3/week","70,000,000",-,0.07 - 0.09,-,
2,Cafebiz.vn,Medium Rectangle,300x250,PC,,,"27,000,000",-,0.04 - 0.06,-,
2,Cafebiz.vn,Big Rectangle,300x385,PC,,,"35,000,000",-,0.02 - 0.03,-,
2,Cafebiz.vn,Center banner,700x90,PC,,,"27,000,000",-,0.02 - 0.03,-,
2,Cafebiz.vn,High banner,300x600,PC,,,"45,000,000",-,0.02 - 0.03,-,
2,Cafebiz.vn,CPD TVC,"Tỉ lệ video 16:9
Kích thước banner: 575 x 392",PC,DEMO,"Độc quyền ngày
Exclusive date","33,000,000",-,0.02 - 0.03,,
2,Cafebiz.vn,CPD TVC,"Tỉ lệ video 16:9
Kích thước banner: 575 x 392",PC,,"Chia sẻ 3/tuần
Share 3/week","80,000,000",-,0.02 - 0.03,,
2,Cafebiz.vn,Billboard Mobile,640x640,Mobile,DEMO,"Độc quyền ngày
Exclusive date","45,000,000",-,0.15- 0.2,-,
2,Cafebiz.vn,Billboard Mobile,640x640,Mobile,,"Chia sẻ 3/tuần
Share 3/week","105,000,000",-,0.15- 0.2,-,
2,Cafebiz.vn,Top Banner Mobile,640x320,Mobile,,"Chia sẻ 3/tuần
Share 3/week","40,000,000",-,0.1- 0.15,-,
2,Cafebiz.vn,eMagazine Mobile,640x870,Mobile,,,"25,000,000",-,0.08- 0.1,-,
2,Cafebiz.vn,Inpage Fullscreen Mobile,375x750,Mobile,,"Độc quyền ngày
Exclusive date","21,000,000",-,0.4 - 0.5,,
2,Cafebiz.vn,Inpage Fullscreen Mobile,375x750,Mobile,,"Chia sẻ 3/tuần
Share 3/week","50,000,000",-,0.4 - 0.5,,
2,Cafebiz.vn,CPD TVC,"3 kích thước tùy chọn:
- Tỉ lệ video 16:9. Kích thước banner: 640x584
- Tỉ lệ video  1:1. Kích thước banner: 640x850
- Tỉ lệ video 9:16. Kích thước banner: 640x1138",Mobile,"DEMO iTVC 16:9
DEMO iTVC 1:1
DEMO iTVC 9:16","Độc quyền ngày
Exclusive date","12,000,000",-,0.08- 0.1,,
2,Cafebiz.vn,CPD TVC,"3 kích thước tùy chọn:
- Tỉ lệ video 16:9. Kích thước banner: 640x584
- Tỉ lệ video  1:1. Kích thước banner: 640x850
- Tỉ lệ video 9:16. Kích thước banner: 640x1138",Mobile,,"Chia sẻ 3/tuần
Share 3/week","28,000,000",-,0.08- 0.1,,
3,nld.com.vn,Kingsize Masthead,1160x250,PC,DEMO,"Chia sẻ 3/tuần
Share 3/week","20,000,000",-,0.03 - 0.04,-,
3,nld.com.vn,Medium Banner 1,300x250,PC,DEMO,"Chia sẻ 3/tuần
Share 3/week","12,000,000",-,0.03 - 0.04,-,
3,nld.com.vn,Center Banner 1,620x90,PC,DEMO,"Chia sẻ 3/tuần
Share 3/week","12,000,000",-,0.04 - 0.05,-,
3,nld.com.vn,Medium Banner 2,300x250,PC,DEMO,"Chia sẻ 3/tuần
Share 3/week","10,000,000",-,,,
3,nld.com.vn,Medium Banner 3,300x250,PC,DEMO,"Chia sẻ 3/tuần
Share 3/week","10,000,000",-,,,
3,nld.com.vn,Super Medium 1,600x250,PC,DEMO,"Chia sẻ 3/tuần
Share 3/week","18,000,000",-,,,
3,nld.com.vn,Center Banner 2,620x90,PC,DEMO,"Chia sẻ 3/tuần
Share 3/week","8,000,000",-,,,
3,nld.com.vn,Medium Banner 4,300x250,PC,DEMO,"Chia sẻ 3/tuần
Share 3/week","6,000,000",-,,,
3,nld.com.vn,Medium Banner 5,300x250,PC,DEMO,"Chia sẻ 3/tuần
Share 3/week","6,000,000",-,,,
3,nld.com.vn,Super Medium 2,600x250,PC,DEMO,"Chia sẻ 3/tuần
Share 3/week","10,000,000",-,,,
3,nld.com.vn,Masthead Mobile,640x320,Mobile,DEMO,"Chia sẻ 3/tuần
Share 3/week","10,000,000",-,0.1- 0.15,-,
3,nld.com.vn,Medium Banner 1,300x250,Mobile,DEMO,"Chia sẻ 3/tuần
Share 3/week","8,000,000",-,0.08- 0.1,,
3,nld.com.vn,Medium Banner 2,300x250,Mobile,DEMO,"Chia sẻ 3/tuần
Share 3/week","6,000,000",-,,,
3,nld.com.vn,iCatfish,375x100,Mobile,DEMO,"Chia sẻ 3/tuần
Share 3/week","10,000,000",-,,-,
4,vtv.vn,Masthead ,980x250,PC,DEMO,"Chia sẻ 3/tuần
Share 3/week",-,"10,000,000",0.05 - 0.06,-,
4,vtv.vn,Medium Rectangle,300x250,PC,DEMO,"Chia sẻ 3/tuần
Share 3/week","12,000,000",-,0.02 - 0.04,-,
4,vtv.vn,Big Rectangle,300x385,PC,DEMO,"Chia sẻ 3/tuần
Share 3/week","15,000,000",-,0.02 - 0.04,-,
4,vtv.vn,High banner A,300x600,PC,DEMO,"Chia sẻ 3/tuần
Share 3/week","25,000,000",-,0.02 - 0.04,-,
4,vtv.vn,High banner,300x600,PC,DEMO,"Chia sẻ 3/tuần
Share 3/week","15,000,000",-,0.02 - 0.04,-,
4,vtv.vn,Sticky 1,300x600,PC,DEMO,"Chia sẻ 3/tuần
Share 3/week","15,000,000",-,0.02 - 0.04,-,
4,vtv.vn,Sticky 2,300x600,PC,DEMO,"Chia sẻ 3/tuần
Share 3/week","12,000,000",-,0.02 - 0.04,-,
4,vtv.vn,Sticky 3,300x600,PC,DEMO,"Chia sẻ 3/tuần
Share 3/week","8,000,000",-,0.02 - 0.04,-,
4,vtv.vn,Billboard Mobile ,640x640,Mobile ,Demo,"Độc quyền ngày 
Exclusive date",-,"60,000,000",0.1 - 0.2%,-,
4,vtv.vn,Top Banner Mobile,640x320,Mobile ,Demo,"Độc quyền ngày 
Exclusive date",-,"30,000,000",0.1 - 0.2,-,
4,vtv.vn,Inpage FullScreen,375x750,Mobile ,Demo,"Độc quyền ngày 
Exclusive date",-,"45,000,000",,-,
5,Kenh14.vn,Full Homepage Plus,"Toàn bộ không gian quảng cáo tại Trang chủ. (Trừ CPD TVC)
Entire ad space at Homepage.

Kích thước vị trí Top Billboard cao 350px.
Top Billboard: 350px high.",PC,DEMO,"Độc quyền ngày
Exclusive date","350,000,000",-,"0,06 - 0,08%",,
5,Kenh14.vn,Full Homepage Plus,"Toàn bộ không gian quảng cáo tại Trang chủ. (Trừ CPD TVC)
Entire ad space at Homepage.

Kích thước vị trí Top Billboard cao 350px.
Top Billboard: 350px high.",PC,DEMO,"Chia sẻ 5/ngày
Share 5/day","70,000,000",-,"0,06 - 0,08%",,
5,Kenh14.vn,Full Homepage Plus,"Toàn bộ không gian quảng cáo tại Trang chủ. (Trừ CPD TVC)
Entire ad space at Homepage.

Kích thước vị trí Top Billboard cao 350px, Background Sticky
Top Billboard: 350px high & Background Sticky",PC,DEMO,"Độc quyền ngày
Exclusive date","385,000,000",-,"0,06 - 0,08%",,
5,Kenh14.vn,Full Homepage Plus,"Toàn bộ không gian quảng cáo tại Trang chủ. (Trừ CPD TVC)
Entire ad space at Homepage.

Kích thước vị trí Top Billboard cao 350px, Background Sticky
Top Billboard: 350px high & Background Sticky",PC,DEMO,"Chia sẻ 5/ngày 
Share 5/day","77,000,000",-,"0,06 - 0,08%",,
5,Kenh14.vn,Billboard,"1920x450
Banner Responsive theo từng kích thước màn hình",PC,DEMO,"Độc quyền ngày
Exclusive date","110,000,000","290,000,000",0.08 - 0.1,-,
5,Kenh14.vn,Billboard,"1920x450
Banner Responsive theo từng kích thước màn hình",PC,DEMO,"Chia sẻ 5/tuần
Share 5/week","155,000,000",-,0.08 - 0.1,,
5,Kenh14.vn,Billboard Plus,"Billboard: 1920x350
Background:  1920 x 1200",PC,DEMO,"Độc quyền ngày
Exclusive date","145,000,000",-,0.08 - 0.1,-,
5,Kenh14.vn,Billboard Plus,"Billboard: 1920x350
Background:  1920 x 1200",PC,DEMO,"Chia sẻ 5/tuần
Share 5/week","200,000,000",-,0.08 - 0.1,-,
5,Kenh14.vn,Billboard Premium,"Billboard: 1920x350
Background:  1920 x 1200
High Banner A: 300x600",PC,DEMO,"Độc quyền ngày
Exclusive date","185,000,000",-,0.1 - 0.15,-,
5,Kenh14.vn,Billboard Premium,"Billboard: 1920x350
Background:  1920 x 1200
High Banner A: 300x600",PC,DEMO,"Chia sẻ 5/tuần
Share 5/week","260,000,000",-,0.1 - 0.15,-,
5,Kenh14.vn,CPD Kingsize,1040x250,PC,DEMO,"Chia sẻ 5/tuần
Share 5/week","90,000,000",-,0.04 - 0.05,-,
5,Kenh14.vn,High banner A,300x600,PC,DEMO,,"60,000,000",-,0.05 - 0.07,-,
5,Kenh14.vn,Medium Rectangle A,300x250,PC,DEMO,,"30,000,000",-,0.02 - 0.04,-,
5,Kenh14.vn,Medium Rectangle B,300x250,PC,DEMO,,"30,000,000",-,0.02 - 0.03,-,
5,Kenh14.vn,Medium Rectangle A+B,300x600,PC,DEMO,,"50,000,000",-,0.02 - 0.03,-,
5,Kenh14.vn,High banner B,300x600,PC,DEMO,,"35,000,000",-,0.02 - 0.04,-,
5,Kenh14.vn,CPD TVC,"Tỉ lệ video 16:9
Kích thước banner: 700 x 493",PC,DEMO,"Độc quyền ngày
Exclusive date","85,000,000",-,0.02 - 0.04,,
5,Kenh14.vn,CPD TVC,"Tỉ lệ video 16:9
Kích thước banner: 700 x 493",PC,DEMO,"Chia sẻ 5/tuần
Share 5/week","120,000,000",-,0.02 - 0.04,,
5,Kenh14.vn,Billboard Mobile,640x640,Mobile,DEMO,"Độc quyền ngày
Exclusive date","150,000,000","420,000,000",0.15- 0.2,-,
5,Kenh14.vn,Billboard Mobile,640x640,Mobile,DEMO,"Chia sẻ 5/tuần
Share 5/week","210,000,000",-,0.15- 0.2,-,
5,Kenh14.vn,Top Banner Mobile,640x320,Mobile,DEMO,"Chia sẻ 5/tuần
Share 5/week","90,000,000",-,0.1- 0.15,-,
5,Kenh14.vn,"Inpage FullScreen 
(Xuyên trang trong)",375x750-750x375,Mobile,DEMO,"Độc quyền ngày
Exclusive date",-,"330,000,000",0.4-0.5,-,
5,Kenh14.vn,"Inpage Fullscreen Mobile
(Trang chủ)",375x750-750x375,Mobile,DEMO,"Độc quyền ngày
Exclusive date","85,000,000",-,0.4-0.5,,
5,Kenh14.vn,"Inpage Fullscreen Mobile
(Trang chủ)",375x750-750x375,Mobile,DEMO,"Chia sẻ 5/tuần
Share 5/week","120,000,000",-,0.4-0.5,,
5,Kenh14.vn,eMagazine Mobile,375x750-750x375,Mobile,DEMO,"Độc quyền ngày
Exclusive date",-,"80,000,000",0.08- 0.15,,
5,Kenh14.vn,eMagazine Mobile,375x750-750x375,Mobile,DEMO,"Chia sẻ 5/tuần
Share 5/week","70,000,000",-,0.08- 0.15,-,
5,Kenh14.vn,CPD TVC,"3 kích thước tùy chọn:
- Tỉ lệ video 16:9. Kích thước banner: 640x584
- Tỉ lệ video  1:1. Kích thước banner: 640x850
- Tỉ lệ video 9:16. Kích thước banner: 640x1138",Mobile,"DEMO iTVC 16:9
DEMO iTVC 1:1
DEMO iTVC 9:16","Độc quyền ngày
Exclusive date","55,000,000",-,0.08- 0.15,,
5,Kenh14.vn,CPD TVC,"3 kích thước tùy chọn:
- Tỉ lệ video 16:9. Kích thước banner: 640x584
- Tỉ lệ video  1:1. Kích thước banner: 640x850
- Tỉ lệ video 9:16. Kích thước banner: 640x1138",Mobile,"DEMO iTVC 16:9
DEMO iTVC 1:1
DEMO iTVC 9:16","Chia sẻ 5/tuần
Share 5/week","80,000,000",-,0.08- 0.15,,
6,Soha.vn,Full Homepage Plus,"Toàn bộ không gian quảng cáo tại Trang chủ. (Trừ CPD TVC)
Entire ad space at Homepage.

Kích thước vị trí Top Billboard cao 350px.
Top Billboard: 350px high.",PC,DEMO,"Độc quyền ngày
Exclusive date","115,000,000",-,"0,06 - 0,08%",,
6,Soha.vn,Full Homepage Plus,"Toàn bộ không gian quảng cáo tại Trang chủ. (Trừ CPD TVC)
Entire ad space at Homepage.

Kích thước vị trí Top Billboard cao 350px.
Top Billboard: 350px high.",PC,DEMO,"Chia sẻ 3/ngày 
Share 3/day","40,000,000",-,"0,06 - 0,08%",,
6,Soha.vn,Full Homepage Premium,"Toàn bộ không gian quảng cáo tại Trang chủ. (Trừ CPD TVC)
Entire ad space at Homepage.

Kích thước vị trí Top Billboard cao 350px, Background Sticky
Top Billboard: 350px high & Background Sticky",PC,DEMO,"Độc quyền ngày
Exclusive date","127,000,000",-,"0,06 - 0,08%",,
6,Soha.vn,Full Homepage Premium,"Toàn bộ không gian quảng cáo tại Trang chủ. (Trừ CPD TVC)
Entire ad space at Homepage.

Kích thước vị trí Top Billboard cao 350px, Background Sticky
Top Billboard: 350px high & Background Sticky",PC,DEMO,"Chia sẻ 3/ngày 
Share 3/day","44,000,000",-,"0,06 - 0,08%",,
6,Soha.vn,Billboard,"1920x450
Banner Responsive theo từng kích thước màn hình",PC,DEMO,"Độc quyền ngày
Exclusive date","30,000,000","65,000,000",0.08 - 0.1,-,
6,Soha.vn,Billboard,"1920x450
Banner Responsive theo từng kích thước màn hình",PC,DEMO,"Chia sẻ 3/tuần
Share 3/week","70,000,000",-,0.08 - 0.1,-,
6,Soha.vn,Billboard Plus,"Billboard: 1920x350
Background:  1920 x 1200",PC,DEMO,"Độc quyền ngày
Exclusive date","40,000,000",-,0.08 - 0.1,-,
6,Soha.vn,Billboard Plus,"Billboard: 1920x350
Background:  1920 x 1200",PC,DEMO,"Chia sẻ 3/tuần
Share 3/week","94,000,000",-,0.08 - 0.1,-,
6,Soha.vn,Billboard Premium,"Billboard: 1920x350
Background:  1920 x 1200
High Banner A: 300x600",PC,DEMO,"Độc quyền ngày
Exclusive date","70,000,000",-,0.08 - 0.1,-,
6,Soha.vn,Billboard Premium,"Billboard: 1920x350
Background:  1920 x 1200
High Banner A: 300x600",PC,DEMO,"Chia sẻ 3/tuần
Share 3/week","160,000,000",-,0.08 - 0.1,-,
6,Soha.vn,CPD Kingsize,980x250,PC,DEMO,"Chia sẻ 3/tuần
Share 3/week","40,000,000",-,0.03 - 0.04,-,
6,Soha.vn,Medium Rectangle,300x250,PC,DEMO,"Chia sẻ 3/tuần
Share 3/week","20,000,000",-,0.04 - 0.05,-,
6,Soha.vn,Big Rectangle,300x385,PC,DEMO,"Chia sẻ 3/tuần
Share 3/week","25,000,000",-,0.04 - 0.05,-,
6,Soha.vn,High banner,300x600,PC,DEMO,"Chia sẻ 3/tuần
Share 3/week","30,000,000",-,0.05 - 0.06,-,
6,Soha.vn,Center banner,620x90,PC,DEMO,"Chia sẻ 3/tuần
Share 3/week","12,000,000",-,0.02 - 0.03,-,
6,Soha.vn,CPD TVC,"Tỉ lệ video 16:9
Kích thước banner: 575 x 392",PC,DEMO,"Độc quyền ngày
Exclusive date","15,000,000",-,0.02 - 0.03,,
6,Soha.vn,CPD TVC,"Tỉ lệ video 16:9
Kích thước banner: 575 x 392",PC,DEMO,"Chia sẻ 3/tuần
Share 3/week","40,000,000",-,0.02 - 0.03,,
6,Soha.vn,Billboard Mobile,640x640,Mobile,DEMO,"Độc quyền ngày
Exclusive date","35,000,000","130,000,000",0.15- 0.2,-,
6,Soha.vn,Billboard Mobile,640x640,Mobile,DEMO,"Chia sẻ 3/tuần
Share 3/week","85,000,000",-,0.15- 0.2,-,
6,Soha.vn,Top Banner Mobile,640x320,Mobile,DEMO,"Chia sẻ 3/tuần
Share 3/week","50,000,000","80,000,000",0.1- 0.15,-,
6,Soha.vn,"Inpage FullScreen 
(Xuyên trang trong)",375x750-750x375,Mobile,DEMO,"Chia sẻ 3/tuần
Share 3/week",-,"100,000,000",0.4-0.5,-,
6,Soha.vn,"Inpage Fullscreen Mobile
(Trang chủ)",375x750-750x375,Mobile,DEMO,"Độc quyền ngày
Exclusive date","34,000,000",-,0.4-0.5,,
6,Soha.vn,"Inpage Fullscreen Mobile
(Trang chủ)",375x750-750x375,Mobile,DEMO,"Chia sẻ 3/tuần
Share 3/week","80,000,000",-,0.4-0.5,,
6,Soha.vn,eMagazine Mobile,640x870,Mobile,DEMO,"Độc quyền ngày
Exclusive date","20,000,000",-,0.08- 0.15,,
6,Soha.vn,eMagazine Mobile,640x870,Mobile,DEMO,"Chia sẻ 3/tuần
Share 3/week","40,000,000",-,0.08- 0.15,-,
6,Soha.vn,CPD TVC,"3 kích thước tùy chọn:
- Tỉ lệ video 16:9. Kích thước banner: 640x584
- Tỉ lệ video  1:1. Kích thước banner: 640x850
- Tỉ lệ video 9:16. Kích thước banner: 640x1138",Mobile,"DEMO iTVC 16:9
DEMO iTVC 1:1
DEMO iTVC 9:16","Độc quyền ngày
Exclusive date","18,000,000",-,0.08- 0.1,,
6,Soha.vn,CPD TVC,"3 kích thước tùy chọn:
- Tỉ lệ video 16:9. Kích thước banner: 640x584
- Tỉ lệ video  1:1. Kích thước banner: 640x850
- Tỉ lệ video 9:16. Kích thước banner: 640x1138",Mobile,"DEMO iTVC 16:9
DEMO iTVC 1:1
DEMO iTVC 9:16","Chia sẻ 3/tuần
Share 3/week","46,000,000",-,0.08- 0.1,,
7,Afamily.vn,Full Homepage Plus,"Toàn bộ không gian quảng cáo tại Trang chủ. (Trừ CPD TVC)
Entire ad space at Homepage.

Kích thước vị trí Top Billboard cao 350px.
Top Billboard: 350px high.",PC,DEMO,"Độc quyền ngày
Exclusive date","88,000,000",-,"0,06 - 0,08%",,
7,Afamily.vn,Full Homepage Plus,"Toàn bộ không gian quảng cáo tại Trang chủ. (Trừ CPD TVC)
Entire ad space at Homepage.

Kích thước vị trí Top Billboard cao 350px.
Top Billboard: 350px high.",PC,DEMO,"Chia sẻ 3/ngày
Share 3/day","30,000,000",-,"0,06 - 0,08%",,
7,Afamily.vn,Full Homepage Premium,"Toàn bộ không gian quảng cáo tại Trang chủ. (Trừ CPD TVC)
Entire ad space at Homepage.

Kích thước vị trí Top Billboard cao 350px, Background Sticky
Top Billboard: 350px high & Background Sticky",PC,DEMO,"Độc quyền ngày
Exclusive date","97,000,000",-,"0,06 - 0,08%",,
7,Afamily.vn,Full Homepage Premium,"Toàn bộ không gian quảng cáo tại Trang chủ. (Trừ CPD TVC)
Entire ad space at Homepage.

Kích thước vị trí Top Billboard cao 350px, Background Sticky
Top Billboard: 350px high & Background Sticky",PC,DEMO,"Chia sẻ 3/ngày 
Share 3/day","33,000,000",-,"0,06 - 0,08%",,
7,Afamily.vn,Billboard,"1920x450
Banner Responsive theo từng kích thước màn hình",PC,DEMO,"Độc quyền ngày
Exclusive date","20,000,000","95,000,000",0.08 - 0.1,-,
7,Afamily.vn,Billboard,"1920x450
Banner Responsive theo từng kích thước màn hình",PC,DEMO,"Chia sẻ 3/tuần
Share 3/week","50,000,000",-,0.08 - 0.1,-,
7,Afamily.vn,Billboard Plus,"Billboard: 1920x350
Background:  1920 x 1200",PC,DEMO,"Độc quyền ngày
Exclusive date","30,000,000",-,0.08 - 0.1,-,
7,Afamily.vn,Billboard Plus,"Billboard: 1920x350
Background:  1920 x 1200",PC,DEMO,"Chia sẻ 3/tuần
Share 3/week","70,000,000",-,0.08 - 0.1,-,
7,Afamily.vn,Billboard Premium,"Billboard: 1920x350
Background:  1920 x 1200
High Banner A: 300x600",PC,DEMO,"Độc quyền ngày
Exclusive date","50,000,000",-,0.08 - 0.1,-,
7,Afamily.vn,Billboard Premium,"Billboard: 1920x350
Background:  1920 x 1200
High Banner A: 300x600",PC,DEMO,"Chia sẻ 3/tuần
Share 3/week","115,000,000",-,0.08 - 0.1,-,
7,Afamily.vn,CPD KingSize,1040x250,PC,DEMO,"Chia sẻ 3/tuần
Share 3/week","25,000,000",-,0.07 - 0.08,-,
7,Afamily.vn,Medium rectangle,300x250,PC,DEMO,,"15,000,000",-,0.05 - 0.06,-,
7,Afamily.vn,Big rectangle,300x385,PC,DEMO,,"12,000,000",-,0.04 - 0.06,-,
7,Afamily.vn,Big banner,300x600,PC,DEMO,,"18,000,000",-,0.06 - 0.08,-,
7,Afamily.vn,Center banner expand,1160x90 -> 1160x480,PC,DEMO,,"18,000,000",-,0.04 - 0.05,-,
7,Afamily.vn,CPD TVC,"Tỉ lệ video 16:9
Kích thước banner: 575 x 392",PC,DEMO,"Độc quyền ngày
Exclusive date","24,000,000",-,0.02 - 0.03,,
7,Afamily.vn,CPD TVC,"Tỉ lệ video 16:9
Kích thước banner: 575 x 392",PC,DEMO,"Chia sẻ 3/tuần
Share 3/week","55,000,000",-,0.02 - 0.03,,
7,Afamily.vn,Billboard Mobile,640x640,Mobile,DEMO,"Độc quyền ngày
Exclusive date","15,000,000","140,000,000",0.15- 0.2,-,
7,Afamily.vn,Billboard Mobile,640x640,Mobile,DEMO,"Chia sẻ 3/tuần
Share 3/week","30,000,000",-,0.15- 0.2,-,
7,Afamily.vn,Top Banner Mobile,640x320,Mobile,DEMO,"Chia sẻ 3/tuần
Share 3/week","25,000,000",-,0.1- 0.15,-,
7,Afamily.vn,"Inpage FullScreen 
(Xuyên trang trong)",375x750-750x375,Mobile,DEMO,"Độc quyền ngày
Exclusive date",-,"80,000,000",0.4-0.5,-,
7,Afamily.vn,"Inpage Fullscreen Mobile
(Trang chủ)",375x750-750x375,Mobile,DEMO,"Độc quyền ngày
Exclusive date","20,000,000",-,0.4-0.5,,
7,Afamily.vn,"Inpage Fullscreen Mobile
(Trang chủ)",375x750-750x375,Mobile,DEMO,"Chia sẻ 3/tuần
Share 3/week","46,000,000",-,0.4-0.5,,
7,Afamily.vn,eMagazine Mobile,640x870,Mobile,DEMO,"Độc quyền ngày
Exclusive date","12,500,000",-,0.08- 0.15,,
7,Afamily.vn,eMagazine Mobile,640x870,Mobile,DEMO,"Chia sẻ 3/tuần
Share 3/week","23,000,000",-,0.08- 0.15,-,
7,Afamily.vn,CPD TVC,"3 kích thước tùy chọn:
- Tỉ lệ video 16:9. Kích thước banner: 640x584
- Tỉ lệ video  1:1. Kích thước banner: 640x850
- Tỉ lệ video 9:16. Kích thước banner: 640x1138",Mobile,"DEMO iTVC 16:9
DEMO iTVC 1:1
DEMO iTVC 9:16","Độc quyền ngày
Exclusive date","12,000,000",-,0.08- 0.1,,
7,Afamily.vn,CPD TVC,"3 kích thước tùy chọn:
- Tỉ lệ video 16:9. Kích thước banner: 640x584
- Tỉ lệ video  1:1. Kích thước banner: 640x850
- Tỉ lệ video 9:16. Kích thước banner: 640x1138",Mobile,"DEMO iTVC 16:9
DEMO iTVC 1:1
DEMO iTVC 9:16","Chia sẻ 3/tuần
Share 3/week","26,000,000",-,0.08- 0.1,,
8,HOUSENHOME,Gói Đánh chiếm hiển thị Trang chủ,"Hiển thị trên các vị trí
- Trang chủ Housenhome.com.vn 
- Trang chủ mục Housenhome trên các site (Kenh14,Cafef,Cafebiz, Soha, Afamily)
Format hiển thị
- Sponsor Page (PC & Mobile)
Est SOV: 99%",PC & MB,"Demo PC
Demo MB",Chia sẻ 3/tuần,"30,000,000",0.40%,-,,
8,HOUSENHOME,Gói Đánh chiếm hiển thị Trang chủ,"Hiển thị trên các vị trí
- Trang chủ Housenhome.com.vn 
- Trang chủ mục Housenhome trên các site (Kenh14,Cafef,Cafebiz, Soha, Afamily)
Format hiển thị
- Sponsor Page (PC & Mobile)
Est SOV: 99%",PC & MB,"Demo PC
Demo MB",Độc quyền/tuần,"100,000,000",0.40%,,,
8,HOUSENHOME,Gói BlockMedia theo tuyến nội dung,"Gói Block Media trên tuyến ""Nhà này đẹp thế""
- Block Media trong các bài viết chi tiết của tuyến ""Nhà này đẹp thế"" .
- Block Media trên chuyên trang của tuyến ""Nhà này đẹp thế"" 
Format hiển thị 
- Sponsor Page (PC & Mobile) - 33 bài
Hiển thị trên các site
- Kenh14,Cafef,Cafebiz, Soha, Afamily
Est SOV: 33% ",PC & MB,"Demo PC
Demo MB",Độc quyền/tháng,"198,000,000",0.40%,-,,
8,HOUSENHOME,Gói BlockMedia theo tuyến nội dung,"Gói Block Media trên tuyến ""Nhà này đẹp thế""
- Block Media trong các bài viết chi tiết của tuyến ""Nhà này đẹp thế"" .
- Block Media trên chuyên trang của tuyến ""Nhà này đẹp thế"" 
Format hiển thị 
- Sponsor Page (PC & Mobile) - 33 bài
Hiển thị trên các site
- Kenh14,Cafef,Cafebiz, Soha, Afamily
Est SOV: 33% ",PC & MB,"Demo PC
Demo MB",Độc quyền/tháng,"198,000,000",0.40%,,,
8,HOUSENHOME,Gói BlockMedia theo tuyến nội dung,"Gói Block Media trên tuyến ""Nhà này đẹp thế - Special""
- Block Media trong các bài viết chi tiết của tuyến ""Nhà này đẹp thế - Special"" .
- Block Media trên chuyên trang của tuyến ""Nhà này đẹp thế - Special"" 
Format hiển thị 
- Sponsor Page (PC & Mobile) - 8 bài
Hiển thị trên các site
- Kenh14,Cafef,Cafebiz, Soha, Afamily
Est SOV: 33% ",PC & MB,"Demo PC
Demo MB",Độc quyền/tháng,"48,000,000",0.40%,-,,
8,HOUSENHOME,Gói BlockMedia theo tuyến nội dung,"Gói Block Media trên tuyến ""Nhà này đẹp thế - Special""
- Block Media trong các bài viết chi tiết của tuyến ""Nhà này đẹp thế - Special"" .
- Block Media trên chuyên trang của tuyến ""Nhà này đẹp thế - Special"" 
Format hiển thị 
- Sponsor Page (PC & Mobile) - 8 bài
Hiển thị trên các site
- Kenh14,Cafef,Cafebiz, Soha, Afamily
Est SOV: 33% ",PC & MB,"Demo PC
Demo MB",Độc quyền/tháng,"48,000,000",0.40%,,,
8,HOUSENHOME,Gói BlockMedia theo tuyến nội dung,"Gói Block Media trên tuyến ""Safe House - Sống an tâm""
- Block Media trong các bài viết chi tiết của tuyến ""Safe House - Sống an tâm"" .
- Block Media trên chuyên trang của tuyến ""Safe House - Sống an tâm"" 
Format hiển thị 
- Sponsor Page (PC & Mobile) - 27 bài
Hiển thị trên các site
- Kenh14,Cafef,Cafebiz, Soha, Afamily
Est SOV: 33%",PC & MB,"Demo PC
Demo MB",Độc quyền/tháng,"162,000,000",0.40%,-,,
8,HOUSENHOME,Gói BlockMedia theo tuyến nội dung,"Gói Block Media trên tuyến ""Safe House - Sống an tâm""
- Block Media trong các bài viết chi tiết của tuyến ""Safe House - Sống an tâm"" .
- Block Media trên chuyên trang của tuyến ""Safe House - Sống an tâm"" 
Format hiển thị 
- Sponsor Page (PC & Mobile) - 27 bài
Hiển thị trên các site
- Kenh14,Cafef,Cafebiz, Soha, Afamily
Est SOV: 33%",PC & MB,"Demo PC
Demo MB",Độc quyền/tháng,"162,000,000",0.40%,,,
8,HOUSENHOME,Gói BlockMedia theo tuyến nội dung,"Gói Block Media trên tuyến ""Architalks - Chuyện của Kiến trúc sư""
- Block Media trong các bài viết chi tiết của tuyến ""Architalks - Chuyện của Kiến trúc sư"" .
- Block Media trên chuyên trang của tuyến ""Architalks - Chuyện của Kiến trúc sư"" 
Format hiển thị 
- Sponsor Page (PC & Mobile) - 14 bài
Hiển thị trên các site
- Kenh14,Cafef,Cafebiz, Soha, Afamily
Est SOV: 33%",PC & MB,"Demo PC
Demo MB",Độc quyền/tháng,"84,000,000",0.40%,-,,
8,HOUSENHOME,Gói BlockMedia theo tuyến nội dung,"Gói Block Media trên tuyến ""Architalks - Chuyện của Kiến trúc sư""
- Block Media trong các bài viết chi tiết của tuyến ""Architalks - Chuyện của Kiến trúc sư"" .
- Block Media trên chuyên trang của tuyến ""Architalks - Chuyện của Kiến trúc sư"" 
Format hiển thị 
- Sponsor Page (PC & Mobile) - 14 bài
Hiển thị trên các site
- Kenh14,Cafef,Cafebiz, Soha, Afamily
Est SOV: 33%",PC & MB,"Demo PC
Demo MB",Độc quyền/tháng,"84,000,000",0.40%,,,
8,HOUSENHOME,Gói BlockMedia theo tuyến nội dung,"Gói Block Media trên tuyến ""Architalks - Chuyện của Kiến trúc sư""
- Block Media trong các bài viết chi tiết của tuyến ""Architalks - Chuyện của Kiến trúc sư"" .
- Block Media trên chuyên trang của tuyến ""Architalks - Chuyện của Kiến trúc sư"" 
Format hiển thị 
- Sponsor Page (PC & Mobile) - 14 bài
Hiển thị trên các site
- Kenh14,Cafef,Cafebiz, Soha, Afamily
Est SOV: 33%",PC & MB,"Demo PC
Demo MB",Độc quyền/tháng,"84,000,000",0.40%,,,
9,PHUNUVIETNAM,Top banner,1068 x 250,PC,DEMO,"Chia sẻ 3/tuần
Share 3/week","19,000,000",-,-,-,
9,PHUNUVIETNAM,Hot Banner,300 x 600,PC,DEMO,"Chia sẻ 3/tuần
Share 3/week","16,000,000",,,,
9,PHUNUVIETNAM,Big Banner,300 x 600,PC,DEMO,"Chia sẻ 3/tuần
Share 3/week","15,000,000",,,,
9,PHUNUVIETNAM,Medium 1,300 x 250,PC,DEMO,"Chia sẻ 3/tuần
Share 3/week","6,000,000",-,-,-,
9,PHUNUVIETNAM,Large Leaderboard,1068 x 250,PC,DEMO,"Chia sẻ 3/tuần
Share 3/week","14,000,000",-,-,-,
9,PHUNUVIETNAM,Medium 2,300 x 250,PC,DEMO,"Chia sẻ 3/tuần
Share 3/week","6,000,000",-,-,-,
9,PHUNUVIETNAM,Medium 3,300 x 250,PC,DEMO,"Chia sẻ 3/tuần
Share 3/week","6,000,000",,,,
9,PHUNUVIETNAM,Big banner 2,300 x 600,PC,DEMO,"Chia sẻ 3/tuần
Share 3/week","12,000,000",-,-,-,
9,PHUNUVIETNAM,Leaderboard 1,980 x 250,PC,DEMO,"Chia sẻ 3/tuần
Share 3/week","13,000,000",-,-,-,
9,PHUNUVIETNAM,Big banner 3,300 x 600,PC,DEMO,"Chia sẻ 3/tuần
Share 3/week","12,000,000",-,-,-,
9,PHUNUVIETNAM,Medium 4,300 x 250,PC,DEMO,"Chia sẻ 3/tuần
Share 3/week","5,000,000",,,,
9,PHUNUVIETNAM,Big Banner 4,300 x 600,PC,DEMO,"Chia sẻ 3/tuần
Share 3/week","10,000,000",,,,
9,PHUNUVIETNAM,Medium 5,300 x 250,PC,DEMO,"Chia sẻ 3/tuần
Share 3/week","5,000,000",,,,
9,PHUNUVIETNAM,Sticky Banner,300 x 600,PC,DEMO,"Chia sẻ 3/tuần
Share 3/week","10,000,000",,,,
9,PHUNUVIETNAM,Leaderboard 2,980 x 250,PC,DEMO,"Chia sẻ 3/tuần
Share 3/week","10,000,000",,,,
9,PHUNUVIETNAM,Top Banner Mobile,640 x 320,Mobile,DEMO,"Chia sẻ 3/tuần
Share 3/week","20,000,000",-,-,-,
9,PHUNUVIETNAM,eMagazine Mobile,640 x 870,Mobile,,"Chia sẻ 3/tuần
Share 3/week","15,000,000",-,-,-,
10,Giadinh.suckhoedoisong.vn,Billboard ,1920x450,PC,DEMO,"Chia sẻ 3/tuần
Share 3/week",-,"17,000,000",-,-,
10,Giadinh.suckhoedoisong.vn,Masthead ,1160x250,PC,DEMO,"Chia sẻ 3/tuần
Share 3/week",-,"15,000,000",-,,
10,Giadinh.suckhoedoisong.vn,Double Top banner,980x90,PC,DEMO,"Chia sẻ 3/tuần
Share 3/week","10,000,000",-,-,-,
10,Giadinh.suckhoedoisong.vn,Big Rectangle,300x385,PC,DEMO,"Chia sẻ 3/tuần
Share 3/week","12,000,000",-,-,-,
10,Giadinh.suckhoedoisong.vn,Medium Rectangle,300x250,PC,DEMO,"Chia sẻ 3/tuần
Share 3/week","10,000,000",-,-,-,
10,Giadinh.suckhoedoisong.vn,High banner,300X600,PC,DEMO,"Chia sẻ 3/tuần
Share 3/week","20,000,000",-,-,-,
10,Giadinh.suckhoedoisong.vn,Billboard Mobile ,640x640,Mobile,DEMO,"Chia sẻ 3/tuần
Share 3/week",-,"25,000,000",-,-,
10,Giadinh.suckhoedoisong.vn,Top Banner Mobile,640x320,Mobile,DEMO,"Chia sẻ 3/tuần
Share 3/week","8,000,000","15,000,000",-,-,
10,Giadinh.suckhoedoisong.vn,"Inpage FullScreen 
(Xuyên trang trong)",375x750-750x375,Mobile,DEMO,"Chia sẻ 3/tuần
Share 3/week",-,"17,000,000",-,-,
10,Giadinh.suckhoedoisong.vn,eMagazine Mobile,640x870,Mobile,DEMO,"Độc quyền ngày
Exclusive date","4,200,000",-,-,,
11,Gamek.vn,Full Homepage Plus,"Toàn bộ không gian quảng cáo tại Trang chủ. (Trừ CPD TVC)
Entire ad space at Homepage.

Kích thước vị trí Top Billboard cao 350px. (Trừ CPD TVC)
Top Billboard: 350px high.",PC,DEMO,"Độc quyền ngày
Exclusive date","90,000,000",-,"0,06 - 0,08%",,
11,Gamek.vn,Full Homepage Plus,"Toàn bộ không gian quảng cáo tại Trang chủ. (Trừ CPD TVC)
Entire ad space at Homepage.

Kích thước vị trí Top Billboard cao 350px. (Trừ CPD TVC)
Top Billboard: 350px high.",PC,DEMO,"Chia sẻ 3/ngày 
Share 3/day","32,000,000",-,"0,06 - 0,08%",,
11,Gamek.vn,Full Homepage Premium,"Toàn bộ không gian quảng cáo tại Trang chủ.
Entire ad space at Homepage.

Kích thước vị trí Top Billboard cao 350px, Background Sticky
Top Billboard: 350px high & Background Sticky",PC,DEMO,"Độc quyền ngày
Exclusive date","99,000,000",-,"0,06 - 0,08%",,
11,Gamek.vn,Full Homepage Premium,"Toàn bộ không gian quảng cáo tại Trang chủ.
Entire ad space at Homepage.

Kích thước vị trí Top Billboard cao 350px, Background Sticky
Top Billboard: 350px high & Background Sticky",PC,DEMO,"Chia sẻ 3/ngày 
Share 3/day","35,000,000",-,"0,06 - 0,08%",,
11,Gamek.vn,Billboard,"1920x450
Banner Responsive theo từng kích thước màn hình",PC,DEMO,"Độc quyền ngày
Exclusive date","50,000,000","100,000,000",0.08 - 0.1,-,
11,Gamek.vn,Billboard,"1920x450
Banner Responsive theo từng kích thước màn hình",PC,DEMO,"Chia sẻ 3/tuần
Share 3/week","110,000,000",-,0.08 - 0.1,-,
11,Gamek.vn,Billboard Plus,"Billboard: 1920x350
Background:  1920 x 1200",PC,DEMO,"Độc quyền ngày
Exclusive date","67,000,000",-,0.08 - 0.1,-,
11,Gamek.vn,Billboard Plus,"Billboard: 1920x350
Background:  1920 x 1200",PC,DEMO,"Chia sẻ 3/tuần
Share 3/week","155,000,000",-,0.08 - 0.1,-,
11,Gamek.vn,Billboard Premium,"Billboard: 1920x350
Background:  1920 x 1200
High Banner A: 300x600",PC,DEMO,"Độc quyền ngày
Exclusive date","70,000,000",-,0.08 - 0.1,-,
11,Gamek.vn,Billboard Premium,"Billboard: 1920x350
Background:  1920 x 1200
High Banner A: 300x600",PC,DEMO,"Chia sẻ 3/tuần
Share 3/week","160,000,000",-,0.08 - 0.1,-,
11,Gamek.vn,CPD Kingsize,980x250,PC,DEMO,"Chia sẻ 3/tuần
Share 3/week","45,000,000","40,000,000",0.04- 0.05,-,
11,Gamek.vn,CPD Kingsize,980x250,PC,DEMO,"Chia sẻ 3/tuần
Share 3/week","140,000,000",-,0.04- 0.05,-,
11,Gamek.vn,CPD Kingsize,980x250,PC,DEMO,"Chia sẻ 3/tuần
Share 3/week","30,000,000","20,000,000",0.04- 0.05,-,
11,Gamek.vn,Medium Rectangle,300x250,PC,DEMO,"Chia sẻ 3/tuần
Share 3/week","20,000,000",-,0.02- 0.04,-,
11,Gamek.vn,Big Rectangle,300x385,PC,DEMO,"Chia sẻ 3/tuần
Share 3/week","20,000,000",-,0.02- 0.04,-,
11,Gamek.vn,High banner,300X600,PC,DEMO,"Chia sẻ 3/tuần
Share 3/week","20,000,000",-,0.02- 0.04,-,
11,Gamek.vn,Billboard Mobile,640x640,Mobile,DEMO,"Độc quyền ngày
Exclusive date","30,000,000","50,000,000",0.15- 0.2,-,
11,Gamek.vn,Billboard Mobile,640x640,Mobile,DEMO,"Chia sẻ 3/tuần
Share 3/week","70,000,000",-,0.15- 0.2,-,
11,Gamek.vn,Top Banner Mobile,640x320,Mobile,DEMO,"Chia sẻ 3/tuần
Share 3/week","25,000,000","25,000,000",0.1- 0.15,-,
11,Gamek.vn,"Inpage FullScreen 
(Xuyên trang trong)",375x750-750x375,Mobile,DEMO,"Chia sẻ 3/tuần
Share 3/week",-,"15,000,000",0.5-0.6,-,
11,Gamek.vn,eMagazine Mobile,640x870,Mobile,DEMO,"Độc quyền ngày
Exclusive date","4,200,000",-,0.08- 0.15,,
11,Gamek.vn,eMagazine Mobile,640x870,Mobile,DEMO,"Chia sẻ 3/tuần
Share 3/week","20,000,000",-,0.08- 0.15,-,
12,Autopro.com.vn,Full Homepage Plus,"Toàn bộ không gian quảng cáo tại Trang chủ. (Trừ CPD TVC)
Entire ad space at Homepage.

Kích thước vị trí Top Billboard cao 350px, (*) Kích thước vị trí Top cao 90px
Top Billboard: 350px high. (*) Top banner: 90px high",PC,DEMO,"Độc quyền ngày
Exclusive date","25,000,000",-,"0,06 - 0,08%",,
12,Autopro.com.vn,Full Homepage Plus,"Toàn bộ không gian quảng cáo tại Trang chủ. (Trừ CPD TVC)
Entire ad space at Homepage.

Kích thước vị trí Top Billboard cao 350px, (*) Kích thước vị trí Top cao 90px
Top Billboard: 350px high. (*) Top banner: 90px high",PC,DEMO,"Chia sẻ 3/ngày 
Share 3/day","10,000,000",-,"0,06 - 0,08%",,
12,Autopro.com.vn,Full Homepage Premium,"Toàn bộ không gian quảng cáo tại Trang chủ. (Trừ CPD TVC)
Entire ad space at Homepage.

Kích thước vị trí Top Billboard cao 350px, Background Sticky
Top Billboard: 350px high & Background Sticky",PC,DEMO,"Độc quyền ngày
Exclusive date","28,000,000",-,"0,06 - 0,08%",,
12,Autopro.com.vn,Full Homepage Premium,"Toàn bộ không gian quảng cáo tại Trang chủ. (Trừ CPD TVC)
Entire ad space at Homepage.

Kích thước vị trí Top Billboard cao 350px, Background Sticky
Top Billboard: 350px high & Background Sticky",PC,DEMO,"Chia sẻ 3/ngày 
Share 3/day","12,000,000",-,"0,06 - 0,08%",,
12,Autopro.com.vn,Billboard,"1920x450
Banner Responsive theo từng kích thước màn hình",PC,DEMO,"Độc quyền ngày
Exclusive date","15,000,000","30,000,000",0.08 - 0.1,-,
12,Autopro.com.vn,Billboard,"1920x450
Banner Responsive theo từng kích thước màn hình",PC,DEMO,"Chia sẻ 3/tuần
Share 3/week","35,000,000",-,0.08 - 0.1,-,
12,Autopro.com.vn,Billboard Plus,"Billboard: 1920x350
Background:  1920 x 1200",PC,DEMO,"Độc quyền ngày
Exclusive date","20,000,000",-,0.08 - 0.1,-,
12,Autopro.com.vn,Billboard Plus,"Billboard: 1920x350
Background:  1920 x 1200",PC,DEMO,"Chia sẻ 3/tuần
Share 3/week","45,000,000",-,0.08 - 0.1,-,
12,Autopro.com.vn,CPD Kingsize,980x250,PC,DEMO,"Chia sẻ 3/tuần
Share 3/week","15,000,000","20,000,000",0.04- 0.05,-,
12,Autopro.com.vn,Medium Rectangle,300x250,PC,DEMO,"Chia sẻ 3/tuần
Share 3/week","10,000,000",-,0.02- 0.04,-,
12,Autopro.com.vn,Big Rectangle,300x385,PC,DEMO,"Chia sẻ 3/tuần
Share 3/week","10,000,000",-,0.02- 0.04,-,
12,Autopro.com.vn,High banner,300X600,PC,DEMO,"Chia sẻ 3/tuần
Share 3/week","10,000,000",-,0.02- 0.04,-,
12,Autopro.com.vn,Billboard Mobile,640x640,Mobile,DEMO,"Độc quyền ngày
Exclusive date","20,000,000","40,000,000",0.15- 0.2,-,
12,Autopro.com.vn,Billboard Mobile,640x640,Mobile,DEMO,"Chia sẻ 3/tuần
Share 3/week","40,000,000",-,,-,
12,Autopro.com.vn,Top Banner Mobile,640x320,Mobile,DEMO,"Chia sẻ 3/tuần
Share 3/week","15,000,000","20,000,000",0.1- 0.15,-,
12,Autopro.com.vn,"Inpage FullScreen 
(Xuyên trang trong)",375x750-750x375,Mobile,DEMO,"Chia sẻ 3/tuần
Share 3/week",-,"15,000,000",0.5-0.6,-,
12,Autopro.com.vn,eMagazine Mobile,640x870,Mobile,DEMO,"Chia sẻ 3/tuần
Share 3/week","10,000,000",-,0.08- 0.15,-,
13,Thanhnien.vn,"Full Homepage Plus
(Full Banner)
*Đơn giá chuyên mục là giá của 1 chuyên mục ","Toàn bộ không gian quảng cáo tại Trang chủ hoặc chuyên mục.
Entire ad space at Homepage or Category

Kích thước vị trí Top cao 90px
Top banner: 90px high",PC,DEMO,"Độc quyền ngày
Exclusive date",70.000.000,-,30.000.000,-,Đơn giá đã bao gồm VAT. Khi tính giá trước VAT/1.1
13,Thanhnien.vn,"Full Homepage Plus
(Full Banner)
*Đơn giá chuyên mục là giá của 1 chuyên mục ","Toàn bộ không gian quảng cáo tại Trang chủ hoặc chuyên mục.
Entire ad space at Homepage or Category

Kích thước vị trí Top cao 90px
Top banner: 90px high",PC,DEMO,"Chia sẻ 3/ngày 
Share 3/day",30.000.000,-,15.000.000,-,
13,Thanhnien.vn,Super Masthead,1920x250,PC,DEMO,"Chia sẻ 3/tuần
Share 3/week",35.000.000,99.000.000,20.000.000,-,
13,Thanhnien.vn,Top Banner,1120x90,PC,DEMO,"Chia sẻ 3/tuần
Share 3/week",27.000.000,40.000.000,12.000.000,-,
13,Thanhnien.vn,Medium Rectangle 1,300x250,PC,DEMO,"Chia sẻ 3/tuần
Share 3/week",25.000.000,-,-,-,
13,Thanhnien.vn,Medium Rectangle 2,300x250,PC,DEMO,"Chia sẻ 3/tuần
Share 3/week",20.000.000,-,-,-,
13,Thanhnien.vn,Medium Rectangle 3,300x250,PC,DEMO,"Chia sẻ 3/tuần
Share 3/week",20.000.000,-,-,-,
13,Thanhnien.vn,Medium Rectangle 4,300x250,PC,DEMO,"Chia sẻ 3/tuần
Share 3/week",20.000.00,34.000.000,12.000.000,-,
13,Thanhnien.vn,Medium Rectangle 5,300x250,PC,DEMO,"Chia sẻ 3/tuần
Share 3/week",12.000.000,25.000.000,9.000.000,-,
13,Thanhnien.vn,Medium Rectangle 6,300x250,PC,DEMO,"Chia sẻ 3/tuần
Share 3/week",10.000.000,21.000.000,7.000.000,-,
13,Thanhnien.vn,Center Banner,1120x90,PC,DEMO,"Chia sẻ 3/tuần
Share 3/week","20,000,000",-,-,-,
13,Thanhnien.vn,Large Leaderboard 1,1120x250,PC,DEMO,"Chia sẻ 3/tuần
Share 3/week",8.000.000,-,-,-,
13,Thanhnien.vn,Large Leaderboard 2,1120x250,PC,DEMO,"Chia sẻ 3/tuần
Share 3/week",6.000.000,-,-,-,
13,Thanhnien.vn,Leaderboard 1,728x90,PC,DEMO,"Chia sẻ 3/tuần
Share 3/week",12.000.000,-,-,-,
13,Thanhnien.vn,Leaderboard 2,728x90,PC,DEMO,"Chia sẻ 3/tuần
Share 3/week",10.000.000,-,-,-,
13,Thanhnien.vn,Large Skyscraper 1,300x600,PC,DEMO,"Chia sẻ 3/tuần
Share 3/week",25.000.000,45.000.000,15.000.000,-,
13,Thanhnien.vn,Large Skyscraper 2,300x600,PC,DEMO,"Chia sẻ 3/tuần
Share 3/week",20.000.000,36.000.000,10.000.000,-,
13,Thanhnien.vn,Banner Background,2000x1200,PC,DEMO,"Độc quyền/ngày
Exclusive date","50,000,000","120,000,000","20,000,000",,
13,Thanhnien.vn,Float Banner,120x300,PC,DEMO,"Độc quyền/ngày
Exclusive date","10,000,000","20,000,000","5,000,000",,
13,Thanhnien.vn,Float Banner,120x300,PC,DEMO,"Chia sẻ 3/tuần
Share 3/week","25,000,000","55,000,000","13,000,000",,
13,Thanhnien.vn,Masthead,640x320,Mobile,DEMO,"Chia sẻ 3/tuần
Share 3/week",50.000.000,150.000.000,25.000.000,-,
13,Thanhnien.vn,Medium Rectangle 1,300x250,Mobile,DEMO,"Chia sẻ 3/tuần
Share 3/week",40.000.000,-,-,-,
13,Thanhnien.vn,Medium Rectangle 2,300x250,Mobile,DEMO,"Chia sẻ 3/tuần
Share 3/week",30.000.000,-,-,-,
13,Thanhnien.vn,Medium Rectangle 3,300x250,Mobile,DEMO,"Chia sẻ 3/tuần
Share 3/week",20.000.000,-,-,-,
13,Thanhnien.vn,Medium Rectangle 4,300x250,Mobile,DEMO,"Chia sẻ 3/tuần
Share 3/week",10.000.000,-,-,-,
13,Thanhnien.vn,Medium Rectangle 5,300x250,Mobile,DEMO,"Chia sẻ 3/tuần
Share 3/week",8.000.000,-,-,-,
13,Thanhnien.vn,Mobile Footer,640x320,Mobile,DEMO,"Chia sẻ 3/tuần
Share 3/week",5.000.000,-,-,-,
14,tuoitre.vn,Full Homepage,"Toàn bộ không gian quảng cáo tại Trang chủ.
Entire ad space at Homepage.

Kích thước vị trí Top cao 90px
Top banner: 90px high",PC,-,"Độc quyền ngày
Exclusive date","77,000,000",-,0.08,-,Đơn giá đã bao gồm VAT. Khi tính giá trước VAT/1.1
14,tuoitre.vn,Full Homepage,"Toàn bộ không gian quảng cáo tại Trang chủ.
Entire ad space at Homepage.

Kích thước vị trí Top cao 90px
Top banner: 90px high",PC,DEMO,"Chia sẻ 3/ngày 
Share 3/day","33,000,000",-,0.08,-,
14,tuoitre.vn,Top Billboard,1280x250,PC,DEMO,"Chia sẻ 3/tuần
Share 3/week","30,000,000",-,0.03- 0.04,-,
14,tuoitre.vn,Top banner,1280x90,PC,DEMO,"Chia sẻ 3/tuần
Share 3/week","20,000,000",-,0.02 - 0.03,-,
14,tuoitre.vn,Right Banner 1,300x250,PC,DEMO,"Chia sẻ 3/tuần
Share 3/week","30,000,000",-,0.03 - 0.04,-,
14,tuoitre.vn,Right Banner 2,300x250,PC,DEMO,"Chia sẻ 3/tuần
Share 3/week","25,000,000",-,0.01 - 0.02,-,
14,tuoitre.vn,Right Banner 3,300x250,PC,DEMO,"Chia sẻ 3/tuần
Share 3/week","15,000,000",-,0.01 - 0.02,-,
14,tuoitre.vn,Right Banner 4,300x250,PC,DEMO,"Chia sẻ 3/tuần
Share 3/week","10,000,000",-,0.01 - 0.02,-,
14,tuoitre.vn,Billboard Mobile ,640x640 ,Mobile,DEMO,"Chia sẻ 3/tuần
Share 3/week","30,000,000","110,000,000",0.01 - 0.02,-,
14,tuoitre.vn,Top Banner Mobile,640x320,Mobile,DEMO,"Chia sẻ 3/tuần
Share 3/week","30,000,000",-,0.05- 0.08,-,
14,tuoitre.vn,Inpage FullScreen,375x750-750x375,Mobile,DEMO,"Chia sẻ 3/tuần
Share 3/week","20,000,000","80,000,000",0.05- 0.08,-,
14,tuoitre.vn,Medium 1,300x250,Mobile,DEMO,"Chia sẻ 3/tuần
Share 3/week","25,000,000",-,0.02 - 0.03,-,
14,tuoitre.vn,Medium 2,300x250,Mobile,DEMO,"Chia sẻ 3/tuần
Share 3/week","20,000,000",-,0.02 - 0.03,-,
14,tuoitre.vn,Medium 3,300x250,Mobile,DEMO,"Chia sẻ 3/tuần
Share 3/week","15,000,000",-,0.02 - 0.03,-,
14,tuoitre.vn,Medium 4,300x250,Mobile,DEMO,"Chia sẻ 3/tuần
Share 3/week","12,000,000",-,0.02 - 0.03,-,
15,Vneconomy.vn,Top Banner (Share3),1100x250,PC,DEMO,45.000.000,"144,000,000","345,600,000",0.06 - 0.08,-,
15,Vneconomy.vn,Top Banner (Độc quyền),1100x250,PC,DEMO,80.000.000,"256,000,000","614,400,000",0.06 - 0.08,-,
15,Vneconomy.vn,Hot Banner,300x500,PC,DEMO,35.000.000,95.000.000,195.000.000,0.04 - 0.06,-,
15,Vneconomy.vn,Right banner 1,300x500,PC,DEMO,20.000.000,55.000.000,100.000.000,0.04 - 0.06,-,
15,Vneconomy.vn,Right banner 2,300x500,PC,DEMO,20.000.000,55.000.000,100.000.000,0.04 - 0.06,-,
15,Vneconomy.vn,Right banner 3,300x500,PC,DEMO,20.000.000,55.000.000,100.000.000,0.04 - 0.06,-,
15,Vneconomy.vn,Center banner 1,980x90,PC,DEMO,20.000.000,55.000.000,100.000.000,0.03 - 0.05,-,
15,Vneconomy.vn,Center banner 2,980x90,PC,DEMO,20.000.000,55.000.000,100.000.000,0.03 - 0.05,-,
15,Vneconomy.vn,Center banner 3,980x90,PC,DEMO,20.000.000,55.000.000,100.000.000,0.03 - 0.05,-,
15,Vneconomy.vn,Center banner 4,980x90,PC,DEMO,20.000.000,55.000.000,100.000.000,0.03 - 0.05,-,
15,Vneconomy.vn,Bottom Banner,1100x250,PC,DEMO,15.000.000,40.000.000,84.000.000,0.03-0.04,-,
15,Vneconomy.vn,Masthead,640x320,Mobile,DEMO,"30,000,000",-,-,0.1- 0.15,-,
15,Vneconomy.vn,Center Banner,300x250,Mobile,DEMO,10.000.000,-,-,0.1- 0.15,-,
15,Vneconomy.vn,Center Banner,300x500,Mobile,DEMO,20.000.000,-,-,0.1- 0.15,-,
15,Vneconomy.vn,Catfish Banner,300x50,Mobile,DEMO,20.000.000,-,-,0.1- 0.15,-,
15,Vneconomy.vn,Bottom Banner,300x250,Mobile,DEMO,10.000.000,-,-,0.1- 0.15,-,
17,Vietnamnet.vn,Top banner,980x90,PC,DEMO,Chia sẻ 3/tuần,"80,000,000","90,000,000",-,-,
17,Vietnamnet.vn,Masthead,1100x250,PC,DEMO,Chia sẻ 3/tuần,"85,000,000","100,000,000",-,-,
17,Vietnamnet.vn,Medium Rectangle 1,300x250,PC,DEMO,Chia sẻ 3/tuần,"80,000,000","90,000,000",-,-,
17,Vietnamnet.vn,Medium Rectangle 2,300x250,PC,DEMO,Chia sẻ 3/tuần,"75,000,000","85,000,000",-,-,
17,Vietnamnet.vn,Center Banner 1,980x250,PC,DEMO,Chia sẻ 3/tuần,"85,000,000",-,-,-,
17,Vietnamnet.vn,Big Banner 1,300x600,PC,DEMO,Chia sẻ 3/tuần,"80,000,000","90,000,000",-,-,
17,Vietnamnet.vn,Big Banner 2,300x600,PC,DEMO,Chia sẻ 3/tuần,"70,000,000","75,000,000",-,-,
17,Vietnamnet.vn,Center Banner 2,980x250,PC,DEMO,Chia sẻ 3/tuần,"65,000,000",-,-,-,
17,Vietnamnet.vn,Big Banner 3,300x600,PC,DEMO,Chia sẻ 3/tuần,"55,000,000","60,000,000",-,-,
17,Vietnamnet.vn,Center Banner 3,980x250,PC,DEMO,Chia sẻ 3/tuần,"50,000,000",-,-,-,
17,Vietnamnet.vn,Bottom Banner,980x250,PC,DEMO,Chia sẻ 3/tuần,"45,000,000","50,000,000",-,-,
18,Toquoc.vn,Top banner,1160x90,PC,DEMO,"Chia sẻ 3/tuần
Share 3/week","10,000,000",-,-,-,
18,Toquoc.vn,Medium Rectangle A,300x250,PC,DEMO,"Chia sẻ 3/tuần
Share 3/week","15,000,000",-,-,-,
18,Toquoc.vn,Medium Rectangle B,300x250,PC,DEMO,"Chia sẻ 3/tuần
Share 3/week","10,000,000",-,-,-,
18,Toquoc.vn,Big banner,300X600,PC,DEMO,"Chia sẻ 3/tuần
Share 3/week","10,000,000",-,-,-,
18,Toquoc.vn,Bottom banner,1160x250,PC,DEMO,"Chia sẻ 3/tuần
Share 3/week","5,000,000",-,-,-,
18,Toquoc.vn,Article banner - xuyên trang bài chi tiết,660x300,PC,DEMO,"Chia sẻ 3/tuần
Share 3/week","5,000,000",-,-,-,
18,Toquoc.vn,Top Banner Mobile,640x320,Mobile,DEMO,"Chia sẻ 3/tuần
Share 3/week","10,000,000",-,-,-,
18,suckhoedoisong.vn,Masthead,1110x100,PC,DEMO,"Chia sẻ 3/tuần
Share 3/week","15,000,000","10,000,000","20,000,000",,Xuyên trang chi tiết không bao gồm các trang chuyên mục và tiểu mục
18,suckhoedoisong.vn,Background U,2000x1080,PC,DEMO,"Chia sẻ 3/tuần
Share 3/week","20,000,000","20,000,000","30,000,000",,
18,suckhoedoisong.vn,Right 1,300x600,PC,DEMO,"Chia sẻ 3/tuần
Share 3/week","12,000,000","10,000,000","15,000,000",,
18,suckhoedoisong.vn,Right 2,300x600,PC,DEMO,"Chia sẻ 3/tuần
Share 3/week","10,000,000","8,000,000","12,000,000",,
18,suckhoedoisong.vn,Right 4,300x250,PC,DEMO,"Chia sẻ 3/tuần
Share 3/week","6,000,000",-,"8,000,000",,
18,suckhoedoisong.vn,Right 5,300x250,PC,DEMO,"Chia sẻ 3/tuần
Share 3/week","5,000,000",-,"7,000,000",,
18,suckhoedoisong.vn,Center 1,970x250,PC,DEMO,"Chia sẻ 3/tuần
Share 3/week","12,000,000","10,000,000","15,000,000",,
18,suckhoedoisong.vn,Center 2,970x250,PC,DEMO,"Chia sẻ 3/tuần
Share 3/week","10,000,000","8,000,000","12,000,000",,
18,suckhoedoisong.vn,Bottom,970x250,PC,DEMO,"Chia sẻ 3/tuần
Share 3/week","8,000,000","6,000,000","10,000,000",,
18,suckhoedoisong.vn,Article,480x270,PC,DEMO,"Chia sẻ 3/tuần
Share 3/week",-,"5,000,000",-,,
18,suckhoedoisong.vn,Masthead,640x320,Mobile,DEMO,"Chia sẻ 3/tuần
Share 3/week","15,000,000","10,000,000","20,000,000",,
18,suckhoedoisong.vn,Center 1,300x250,Mobile,DEMO,"Chia sẻ 3/tuần
Share 3/week","10,000,000","8,000,000","12,000,000",,
18,suckhoedoisong.vn,Center 2,300x250,Mobile,DEMO,"Chia sẻ 3/tuần
Share 3/week","8,000,000","6,000,000","10,000,000",,
18,suckhoedoisong.vn,Bottom,300x250,Mobile,DEMO,"Chia sẻ 3/tuần
Share 3/week","6,000,000","5,000,000","8,000,000",,
